Server,Controller Model,Controller FW,Controller S/N,RAID Type,Logical Drive Size
"Rack1Bot, bay 1",Smart Array P244br Controller,3.56,PDZVU%%LM7V0E5,1,279

"Rack1Bot, bay 10",Smart Array P244br Controller,3.56,PDZVU%%LM7V00G,1,279

"Rack1Bot, bay 11",Smart Array P244br Controller,3.56,PDZVU%%LM7V0RN,1,279

"Rack1Bot, bay 12",Smart Array P244br Controller,3.56,PDZVU%%LM7V1E6,1,279

"Rack1Bot, bay 13",Smart Array P244br Controller,3.56,PDZVU%%LM7V177,1,279

"Rack1Bot, bay 14",Smart Array P244br Controller,3.56,PDZVU%%LM7V16G,1,279

"Rack1Bot, bay 15",Smart Array P244br Controller,3.56,PDZVU%%LM7V1M7,1,279

"Rack1Bot, bay 16",Smart Array P244br Controller,3.56,PDZVU%%LM7V1N5,1,279

"Rack1Bot, bay 2",Smart Array P244br Controller,3.56,PDZVU%%LM7V10F,1,279

"Rack1Bot, bay 3",Smart Array P244br Controller,3.56,PDZVU%%LM7V16F,1,279

"Rack1Bot, bay 4",Smart Array P244br Controller,3.56,PDZVU%%LM7V1BK,1,279

"Rack1Bot, bay 5",Smart Array P244br Controller,3.56,PDZVU%%LM7V1N6,1,279

"Rack1Bot, bay 6",Smart Array P244br Controller,3.56,PDZVU%%LM7V02W,1,279

"Rack1Bot, bay 7",Smart Array P244br Controller,3.56,PDZVU%%LM7V1E3,1,279

"Rack1Bot, bay 8",Smart Array P244br Controller,3.56,PDZVU%%LM7V17S,1,279

"Rack1Bot, bay 9",Smart Array P244br Controller,3.56,PDZVU%%LM7V1IE,1,279

"Rack5Bot, bay 1",Smart Array P220i Controller,8.00,PCQVU0BRH2K1Y1,1,279

"Rack5Bot, bay 10",Smart Array P220i Controller,8.00,PCQVU0BRH2Y36Z,1,279

"Rack5Bot, bay 11",Smart Array P220i Controller,8.00,PCQVU0BRH2Y4US,1,279

"Rack5Bot, bay 15",Smart Array P220i Controller,8.00,PCQVU0BRH2K1WT,0,559

"Rack5Bot, bay 16",Smart Array P220i Controller,8.00,PCQVU0BRH2K1WG,0,559

"Rack5Bot, bay 2",Smart Array P220i Controller,8.00,PCQVU0BRH2K1XN,1,279

"Rack5Bot, bay 3",Smart Array P220i Controller,8.00,PCQVU0BRH2K1WK,1,279

"Rack5Bot, bay 4",Smart Array P220i Controller,8.00,PCQVU0BRH2K1WE,1,279

"Rack5Bot, bay 5",Smart Array P220i Controller,8.00,PCQVU0BRH2K1YB,1,279

"Rack5Bot, bay 6",Smart Array P220i Controller,8.00,PCQVU0BRH2K1WC,1,279

"Rack5Bot, bay 9",Smart Array P220i Controller,8.00,PCQVU0BRH2Y36M,1,279

