Server,Controller Model,Controller FW,Controller S/N,Disk Number,Disk Size,Disk S/N, Disk Type, Disk Model
"Rack1Bot, bay 1",Smart Array P244br Controller,3.56,PDZVU%%LM7V0E5,1,279,15R0A0QBFTM91505,HDD,EG0300FCSPH
"Rack1Bot, bay 1",Smart Array P244br Controller,3.56,PDZVU%%LM7V0E5,2,279,15R0A1GOFTM91505,HDD,EG0300FCSPH

"Rack1Bot, bay 10",Smart Array P244br Controller,3.56,PDZVU%%LM7V00G,1,279,15R0A0MYFTM91505,HDD,EG0300FCSPH
"Rack1Bot, bay 10",Smart Array P244br Controller,3.56,PDZVU%%LM7V00G,2,279,15R0A0NZFTM91505,HDD,EG0300FCSPH

"Rack1Bot, bay 11",Smart Array P244br Controller,3.56,PDZVU%%LM7V0RN,1,279,15R0A0SYFTM91505,HDD,EG0300FCSPH
"Rack1Bot, bay 11",Smart Array P244br Controller,3.56,PDZVU%%LM7V0RN,2,279,15R0A15RFTM91505,HDD,EG0300FCSPH

"Rack1Bot, bay 12",Smart Array P244br Controller,3.56,PDZVU%%LM7V1E6,1,279,15R0A0RTFTM91505,HDD,EG0300FCSPH
"Rack1Bot, bay 12",Smart Array P244br Controller,3.56,PDZVU%%LM7V1E6,2,279,15R0A0ONFTM91505,HDD,EG0300FCSPH

"Rack1Bot, bay 13",Smart Array P244br Controller,3.56,PDZVU%%LM7V177,1,279,15R0A19NFTM91505,HDD,EG0300FCSPH
"Rack1Bot, bay 13",Smart Array P244br Controller,3.56,PDZVU%%LM7V177,2,279,15R0A18YFTM91505,HDD,EG0300FCSPH

"Rack1Bot, bay 14",Smart Array P244br Controller,3.56,PDZVU%%LM7V16G,1,279,15R0A16EFTM91505,HDD,EG0300FCSPH
"Rack1Bot, bay 14",Smart Array P244br Controller,3.56,PDZVU%%LM7V16G,2,279,15R0A0NCFTM91505,HDD,EG0300FCSPH

"Rack1Bot, bay 15",Smart Array P244br Controller,3.56,PDZVU%%LM7V1M7,1,279,15R0A0PQFTM91505,HDD,EG0300FCSPH
"Rack1Bot, bay 15",Smart Array P244br Controller,3.56,PDZVU%%LM7V1M7,2,279,15M0A0D1FTM91504,HDD,EG0300FCSPH

"Rack1Bot, bay 16",Smart Array P244br Controller,3.56,PDZVU%%LM7V1N5,1,279,15M0A0J7FTM91504,HDD,EG0300FCSPH
"Rack1Bot, bay 16",Smart Array P244br Controller,3.56,PDZVU%%LM7V1N5,2,279,15R0A15BFTM91505,HDD,EG0300FCSPH

"Rack1Bot, bay 2",Smart Array P244br Controller,3.56,PDZVU%%LM7V10F,1,279,15R0A1GAFTM91505,HDD,EG0300FCSPH
"Rack1Bot, bay 2",Smart Array P244br Controller,3.56,PDZVU%%LM7V10F,2,279,15R0A0H7FTM91505,HDD,EG0300FCSPH

"Rack1Bot, bay 3",Smart Array P244br Controller,3.56,PDZVU%%LM7V16F,1,279,15R0A0VJFTM91505,HDD,EG0300FCSPH
"Rack1Bot, bay 3",Smart Array P244br Controller,3.56,PDZVU%%LM7V16F,2,279,15R0A1FIFTM91505,HDD,EG0300FCSPH

"Rack1Bot, bay 4",Smart Array P244br Controller,3.56,PDZVU%%LM7V1BK,1,279,15R0A17IFTM91505,HDD,EG0300FCSPH
"Rack1Bot, bay 4",Smart Array P244br Controller,3.56,PDZVU%%LM7V1BK,2,279,15R0A1GDFTM91505,HDD,EG0300FCSPH

"Rack1Bot, bay 5",Smart Array P244br Controller,3.56,PDZVU%%LM7V1N6,1,279,15R0A1GLFTM91505,HDD,EG0300FCSPH
"Rack1Bot, bay 5",Smart Array P244br Controller,3.56,PDZVU%%LM7V1N6,2,279,15R0A1GRFTM91505,HDD,EG0300FCSPH

"Rack1Bot, bay 6",Smart Array P244br Controller,3.56,PDZVU%%LM7V02W,1,279,15R0A1HVFTM91505,HDD,EG0300FCSPH
"Rack1Bot, bay 6",Smart Array P244br Controller,3.56,PDZVU%%LM7V02W,2,279,15R0A0NTFTM91505,HDD,EG0300FCSPH

"Rack1Bot, bay 7",Smart Array P244br Controller,3.56,PDZVU%%LM7V1E3,1,279,15R0A0MVFTM91505,HDD,EG0300FCSPH
"Rack1Bot, bay 7",Smart Array P244br Controller,3.56,PDZVU%%LM7V1E3,2,279,15R0A176FTM91505,HDD,EG0300FCSPH

"Rack1Bot, bay 8",Smart Array P244br Controller,3.56,PDZVU%%LM7V17S,1,279,15R0A0PZFTM91505,HDD,EG0300FCSPH
"Rack1Bot, bay 8",Smart Array P244br Controller,3.56,PDZVU%%LM7V17S,2,279,15R0A16OFTM91505,HDD,EG0300FCSPH

"Rack1Bot, bay 9",Smart Array P244br Controller,3.56,PDZVU%%LM7V1IE,1,279,15R0A0MMFTM91505,HDD,EG0300FCSPH
"Rack1Bot, bay 9",Smart Array P244br Controller,3.56,PDZVU%%LM7V1IE,2,279,15R0A0KOFTM91505,HDD,EG0300FCSPH

"Rack5Bot, bay 1",Smart Array P220i Controller,8.00,PCQVU0BRH2K1Y1,1,279,PQJDXP1B,HDD,EG0300FBDBR
"Rack5Bot, bay 1",Smart Array P220i Controller,8.00,PCQVU0BRH2K1Y1,2,279,PQJED28B,HDD,EG0300FBDBR

"Rack5Bot, bay 10",Smart Array P220i Controller,8.00,PCQVU0BRH2Y36Z,1,279,6XP3G8FC0000B241AU59,HDD,EG0300FBLSE
"Rack5Bot, bay 10",Smart Array P220i Controller,8.00,PCQVU0BRH2Y36Z,2,279,6XP3HKGM0000M248E07E,HDD,EG0300FBLSE

"Rack5Bot, bay 11",Smart Array P220i Controller,8.00,PCQVU0BRH2Y4US,1,279,6XP3GMHE0000B249ANZA,HDD,EG0300FBLSE
"Rack5Bot, bay 11",Smart Array P220i Controller,8.00,PCQVU0BRH2Y4US,2,279,6XP3HTB60000M248W3UY,HDD,EG0300FBLSE

"Rack5Bot, bay 15",Smart Array P220i Controller,8.00,PCQVU0BRH2K1WT,1,279,PQJ9884B,HDD,EG0300FBDBR
"Rack5Bot, bay 15",Smart Array P220i Controller,8.00,PCQVU0BRH2K1WT,2,279,PQJAXNXB,HDD,EG0300FBDBR

"Rack5Bot, bay 16",Smart Array P220i Controller,8.00,PCQVU0BRH2K1WG,1,279,PQJD2WZB,HDD,EG0300FBDBR
"Rack5Bot, bay 16",Smart Array P220i Controller,8.00,PCQVU0BRH2K1WG,2,279,PQJD43YB,HDD,EG0300FBDBR

"Rack5Bot, bay 2",Smart Array P220i Controller,8.00,PCQVU0BRH2K1XN,1,279,PQJEAKNB,HDD,EG0300FBDBR
"Rack5Bot, bay 2",Smart Array P220i Controller,8.00,PCQVU0BRH2K1XN,2,279,PQJD5V6B,HDD,EG0300FBDBR

"Rack5Bot, bay 3",Smart Array P220i Controller,8.00,PCQVU0BRH2K1WK,1,279,PQJDY2WB,HDD,EG0300FBDBR
"Rack5Bot, bay 3",Smart Array P220i Controller,8.00,PCQVU0BRH2K1WK,2,279,PQJD7ZZB,HDD,EG0300FBDBR

"Rack5Bot, bay 4",Smart Array P220i Controller,8.00,PCQVU0BRH2K1WE,1,279,PQJDKWEB,HDD,EG0300FBDBR
"Rack5Bot, bay 4",Smart Array P220i Controller,8.00,PCQVU0BRH2K1WE,2,279,PQJBJBTB,HDD,EG0300FBDBR

"Rack5Bot, bay 5",Smart Array P220i Controller,8.00,PCQVU0BRH2K1YB,1,279,PQJBETRB,HDD,EG0300FBDBR
"Rack5Bot, bay 5",Smart Array P220i Controller,8.00,PCQVU0BRH2K1YB,2,279,PQJBEMDB,HDD,EG0300FBDBR

"Rack5Bot, bay 6",Smart Array P220i Controller,8.00,PCQVU0BRH2K1WC,1,279,PQJA6MZB,HDD,EG0300FBDBR
"Rack5Bot, bay 6",Smart Array P220i Controller,8.00,PCQVU0BRH2K1WC,2,279,PQJDLSLB,HDD,EG0300FBDBR

"Rack5Bot, bay 9",Smart Array P220i Controller,8.00,PCQVU0BRH2Y36M,1,279,6XP3H0VS0000M248SJ4U,HDD,EG0300FBLSE
"Rack5Bot, bay 9",Smart Array P220i Controller,8.00,PCQVU0BRH2Y36M,2,279,6XP3EDWC0000B248E0KS,HDD,EG0300FBLSE

